,total,data,border
0,0.05893222615122795,0.14451399445533752,0.03406846895813942
1,0.01332870963960886,0.03395166993141174,0.0064383260905742645
