,total,data,border
0,0.03538542985916138,0.03538542985916138,1.334702730178833
1,0.001861034776084125,0.001861034776084125,1.380395770072937
