{
    "u_mean": 0.8294579386711121,
    "v_mean": -0.0010622888803482056,
    "p_mean": -0.03992175683379173,
    "x_mean": 0.09044940024614334,
    "y_mean": 1.0434073605125604e-09,
    "t_mean": 263.18603515625,
    "x_std": 1.5576133728027344,
    "y_std": 1.132120132446289,
    "t_std": 1.8123749494552612,
    "u_std": 0.37380316853523254,
    "v_std": 0.3166653513908386,
    "p_std": 0.2530825734138489,
    "ya0_mean": 0.27500006556510925,
    "ya0_std": 5.96047158296642e-08,
    "w0_mean": 1.0134085416793823,
    "w0_std": 1.192094316593284e-07
}