,total,data,border
0,0.07129985839128494,0.11667349189519882,0.025926413014531136
1,0.018564581871032715,0.030263729393482208,0.006865459959954023
2,0.01507166214287281,0.024618905037641525,0.005524436943233013
3,0.014110243879258633,0.0231955423951149,0.005024968646466732
