,total,data,border
0,0.09524133801460266,0.09524133801460266,0.23833055794239044
1,0.006060367915779352,0.006060367915779352,0.17699867486953735
