{
    "u_mean": 0.8239642977714539,
    "v_mean": 0.0006592990830540657,
    "p_mean": -0.07419849187135696,
    "x_mean": -2.684346509340685e-05,
    "y_mean": -3.297682404923563e-10,
    "t_mean": 263.3113708496094,
    "x_std": 1.100581407546997,
    "y_std": 1.1005207300186157,
    "t_std": 1.9111931324005127,
    "u_std": 0.4025833308696747,
    "v_std": 0.3838004469871521,
    "p_std": 0.2828925549983978,
    "ya0_mean": 0.4250001311302185,
    "ya0_std": 1.0,
    "w0_mean": 0.9519967436790466,
    "w0_std": 1.0
}