,total,data,border
0,0.03345029428601265,0.03345029428601265,1.3375641107559204
1,0.0015479997964575887,0.0015479997964575887,1.3814679384231567
2,0.0012465119361877441,0.0012465119361877441,1.3818235397338867
3,0.0011198611464351416,0.0011198611464351416,1.3819389343261719
