,total,data,border
0,0.07129985839128494,0.11667349189519882,0.025926413014531136
1,0.018564581871032715,0.030263729393482208,0.006865459959954023
