,total,data,border
0,0.07387558370828629,0.07387558370828629,0.22299867868423462
1,0.007438336499035358,0.007438336499035358,0.17916527390480042
