,total,data,border
0,0.07075086236000061,0.07075086236000061,0.4740567207336426
1,0.006655227858573198,0.006655227858573198,0.22854630649089813
2,0.0048859440721571445,0.0048859440721571445,0.2006591558456421
3,0.004218836780637503,0.004218836780637503,0.1909123957157135
