,total,data,border
0,0.10545649379491806,0.10545649379491806,0.2763562798500061
1,0.00812819879502058,0.00812819879502058,0.18174704909324646
2,0.005800127517431974,0.005800127517431974,0.18080244958400726
3,0.004838577937334776,0.004838577937334776,0.18314358592033386
4,0.004270586185157299,0.004270586185157299,0.18506112694740295
5,0.003918197005987167,0.003918197005987167,0.18625673651695251
