{
    "u_mean": 0.8262691497802734,
    "v_mean": 0.003385791089385748,
    "p_mean": -0.046563081443309784,
    "x_mean": 0.09060119092464447,
    "y_mean": 0.0,
    "t_mean": 263.2420654296875,
    "x_std": 1.5588464736938477,
    "y_std": 1.1329760551452637,
    "t_std": 1.8600621223449707,
    "u_std": 0.3804026246070862,
    "v_std": 0.31554070115089417,
    "p_std": 0.24947355687618256,
    "ya0_mean": 0.26598137617111206,
    "ya0_std": 0.1258057802915573,
    "w0_mean": 0.9827439188957214,
    "w0_std": 0.030705634504556656
}