{
    "u_mean": 0.8065080046653748,
    "v_mean": -0.00014773175644222647,
    "p_mean": -0.058273326605558395,
    "x_mean": -2.684268110897392e-05,
    "y_mean": 1.051623121917089e-09,
    "t_mean": 263.1349182128906,
    "x_std": 1.100581407546997,
    "y_std": 1.1005207300186157,
    "t_std": 1.8002774715423584,
    "u_std": 0.40465083718299866,
    "v_std": 0.24876387417316437,
    "p_std": 0.24710077047348022,
    "ya0_mean": 0.125,
    "ya0_std": 1.0,
    "w0_mean": 1.0134086608886719,
    "w0_std": 1.0
}