,total,data,border
0,0.41786956787109375,0.41786956787109375,0.5025916695594788
1,0.06331078708171844,0.06331078708171844,0.41138434410095215
2,0.04473268613219261,0.04473268613219261,0.2838633060455322
3,0.03570239990949631,0.03570239990949631,0.24795930087566376
4,0.02997559681534767,0.02997559681534767,0.2258700132369995
5,0.025688547641038895,0.025688547641038895,0.21131381392478943
6,0.020575163885951042,0.020575163885951042,0.20723220705986023
7,0.014443072490394115,0.014443072490394115,0.20622636377811432
