{
    "u_mean": 0.8225899338722229,
    "v_mean": -0.0009257437195628881,
    "p_mean": -0.049555130302906036,
    "x_mean": 0.006192206405103207,
    "y_mean": 9.86899895139004e-10,
    "t_mean": 263.1860656738281,
    "x_std": 1.2297677993774414,
    "y_std": 1.1111724376678467,
    "t_std": 1.8123751878738403,
    "u_std": 0.38833633065223694,
    "v_std": 0.32447054982185364,
    "p_std": 0.2624126970767975,
    "ya0_mean": 0.27500003576278687,
    "ya0_std": 2.980236146754578e-08,
    "w0_mean": 1.0134084224700928,
    "w0_std": 0.0
}