,total,data,border
0,0.08717481046915054,0.08717481046915054,0.2424008548259735
1,0.005594712682068348,0.005594712682068348,0.18577590584754944
