,total,data,border
0,0.08702435344457626,0.08702435344457626,0.26376405358314514
1,0.00550749059766531,0.00550749059766531,0.19803108274936676
2,0.004123559221625328,0.004123559221625328,0.19617131352424622
3,0.0036536729894578457,0.0036536729894578457,0.1961681842803955
