,total,data,border
0,0.07262254506349564,0.07262254506349564,0.2215724140405655
1,0.007211178075522184,0.007211178075522184,0.17599067091941833
2,0.0051819514483213425,0.0051819514483213425,0.17366230487823486
3,0.004316472914069891,0.004316472914069891,0.1740417331457138
4,0.0038018047343939543,0.0038018047343939543,0.17465370893478394
5,0.003465943271294236,0.003465943271294236,0.1749332994222641
