,total,data,border
0,0.09550884366035461,0.09550884366035461,0.23752135038375854
1,0.005618536379188299,0.005618536379188299,0.17542243003845215
