,total,data,border
0,0.06921877712011337,0.17347291111946106,0.03628084808588028
1,0.006145760882645845,0.016913563013076782,0.0017099626129493117
