,total,data,border
0,0.032819975167512894,0.032819975167512894,1.3396133184432983
1,0.0015828196192160249,0.0015828196192160249,1.381099820137024
2,0.0012688764836639166,0.0012688764836639166,1.3816046714782715
3,0.0010865303920581937,0.0010865303920581937,1.381803035736084
