,total,data,border
0,0.2690001130104065,0.2690001130104065,1.1313719749450684
1,0.034261852502822876,0.034261852502822876,1.3661854267120361
2,0.02770431898534298,0.02770431898534298,1.3754969835281372
3,0.021806415170431137,0.021806415170431137,1.3763841390609741
