,total,data,border
0,0.10238409042358398,0.10238409042358398,0.24662357568740845
1,0.00668103015050292,0.00668103015050292,0.19081896543502808
