,total,data,border
0,0.032819975167512894,0.032819975167512894,1.3396133184432983
1,0.0015828196192160249,0.0015828196192160249,1.381099820137024
