,total,data,border
0,0.2690001130104065,0.2690001130104065,1.1313719749450684
1,0.034261852502822876,0.034261852502822876,1.3661854267120361
