{
    "u_mean": 0.8250940442085266,
    "v_mean": -0.0005013112677261233,
    "p_mean": -0.057117000222206116,
    "x_mean": -2.6842792067327537e-05,
    "y_mean": 5.857725415836512e-11,
    "t_mean": 263.1638488769531,
    "x_std": 1.1005816459655762,
    "y_std": 1.1005209684371948,
    "t_std": 1.795486330986023,
    "u_std": 0.3943285644054413,
    "v_std": 0.3836222290992737,
    "p_std": 0.28288909792900085,
    "ya0_mean": 0.375,
    "ya0_std": 1.0,
    "w0_mean": 1.0134085416793823,
    "w0_std": 1.0
}