,total,data,border
0,0.01849474012851715,0.05604470893740654,0.20570850372314453
1,0.0010392141994088888,0.0031491329427808523,0.15214118361473083
