{
    "u_mean": 0.5563750863075256,
    "v_mean": -9.876560216071084e-05,
    "p_mean": -0.1890593320131302,
    "x_mean": 7.905125443130601e-10,
    "y_mean": 3.2452618370371056e-10,
    "t_mean": 263.1638488769531,
    "x_std": 0.49959978461265564,
    "y_std": 0.49959978461265564,
    "t_std": 1.7954908609390259,
    "u_std": 0.4653364419937134,
    "v_std": 0.35801222920417786,
    "p_std": 0.3831513226032257,
    "ya0_mean": 0.375,
    "ya0_std": 1.0,
    "w0_mean": 1.0134085416793823,
    "w0_std": 1.0
}