{
    "u_mean": 0.8250340223312378,
    "v_mean": 0.0013848149683326483,
    "p_mean": -0.051322612911462784,
    "x_mean": 0.09044939279556274,
    "y_mean": 1.3327555725695106e-09,
    "t_mean": 263.3493957519531,
    "x_std": 1.5576132535934448,
    "y_std": 1.132120132446289,
    "t_std": 1.9245400428771973,
    "u_std": 0.382807195186615,
    "v_std": 0.30036449432373047,
    "p_std": 0.24573150277137756,
    "ya0_mean": 0.27500003576278687,
    "ya0_std": 2.98023579148321e-08,
    "w0_mean": 0.9519968628883362,
    "w0_std": 2.384188633186568e-07
}