,total,data,border
0,0.41786956787109375,0.41786956787109375,0.5025916695594788
1,0.06331078708171844,0.06331078708171844,0.41138434410095215
2,0.04473268613219261,0.04473268613219261,0.2838633060455322
3,0.03570239990949631,0.03570239990949631,0.24795930087566376
