,total,data,border
0,0.08717481046915054,0.08717481046915054,0.2424008548259735
1,0.005594712682068348,0.005594712682068348,0.18577590584754944
2,0.004190213046967983,0.004190213046967983,0.18339619040489197
3,0.003619175171479583,0.003619175171479583,0.18313634395599365
