,total,data,border
0,0.07473883032798767,0.18481849133968353,0.04166310280561447
1,0.017833782359957695,0.04640508070588112,0.007636711001396179
