,total,data,border
0,0.1055234745144844,0.1055234745144844,0.2612559497356415
1,0.007274651899933815,0.007274651899933815,0.2024708241224289
