,total,data,border
0,0.41786956787109375,0.41786956787109375,0.5025916695594788
1,0.06331078708171844,0.06331078708171844,0.41138434410095215
