,total,data,border
0,0.1087508574128151,0.1087508574128151,0.25171566009521484
1,0.007460109423846006,0.007460109423846006,0.19174987077713013
2,0.0052181328646838665,0.0052181328646838665,0.18929466605186462
3,0.0044287024065852165,0.0044287024065852165,0.18930652737617493
