,total,data,border
0,0.031474459916353226,0.031474459916353226,1.3414987325668335
1,0.0016890085535123944,0.0016890085535123944,1.3814961910247803
2,0.00134684843942523,0.00134684843942523,1.3817641735076904
3,0.0011977325193583965,0.0011977325193583965,1.3818553686141968
4,0.0010744973551481962,0.0010744973551481962,1.381870150566101
5,0.000963675556704402,0.000963675556704402,1.3818304538726807
6,0.0008121990249492228,0.0008121990249492228,1.3817870616912842
7,0.0006468844949267805,0.0006468844949267805,1.381908893585205
