,total,data,border
0,0.34847763180732727,0.34847763180732727,0.5174082517623901
1,0.07616204768419266,0.07616204768419266,0.480749249458313
2,0.05037365108728409,0.05037365108728409,0.3076038956642151
3,0.040242090821266174,0.040242090821266174,0.24136808514595032
