,total,data,border
0,0.07304880023002625,0.1830703765153885,0.03828971087932587
1,0.01637740433216095,0.04200315847992897,0.007625266909599304
2,0.012503097765147686,0.031501930207014084,0.006386203691363335
3,0.011492637917399406,0.029004696756601334,0.005821501836180687
