,total,data,border
0,0.06883285194635391,0.06883285194635391,0.26845213770866394
1,0.006710396148264408,0.006710396148264408,0.22664600610733032
2,0.0049979411996901035,0.0049979411996901035,0.22613739967346191
3,0.004306825343519449,0.004306825343519449,0.22664208710193634
4,0.003941179718822241,0.003941179718822241,0.22687499225139618
5,0.0036943526938557625,0.0036943526938557625,0.22675783932209015
6,0.0035222391597926617,0.0035222391597926617,0.2265031337738037
7,0.0033839114475995302,0.0033839114475995302,0.22616039216518402
