,total,data,border
0,0.02382296696305275,0.07219085097312927,0.2114633470773697
1,0.0016382387839257717,0.0049643623642623425,0.1583724021911621
