{
    "u_mean": 0.7693899273872375,
    "v_mean": -0.0003287732833996415,
    "p_mean": -0.09974491596221924,
    "x_mean": 8.305006682363114e-11,
    "y_mean": -7.682131597519515e-10,
    "t_mean": 263.1638488769531,
    "x_std": 0.8087881803512573,
    "y_std": 0.8087881803512573,
    "t_std": 1.7954870462417603,
    "u_std": 0.4398197829723358,
    "v_std": 0.3787258565425873,
    "p_std": 0.31720152497291565,
    "ya0_mean": 0.375,
    "ya0_std": 1.0,
    "w0_mean": 1.0134085416793823,
    "w0_std": 1.0
}