,total,data,border
0,0.06921877712011337,0.17347291111946106,0.03628084808588028
1,0.006145760882645845,0.016913563013076782,0.0017099626129493117
2,0.004245600197464228,0.011586610227823257,0.0012788319727405906
3,0.0035121466498821974,0.009547807276248932,0.0010950599098578095
4,0.003110951744019985,0.008472088724374771,0.0009550398681312799
5,0.0028471045661717653,0.007775724399834871,0.000851860735565424
