,total,data,border
0,0.34847763180732727,0.34847763180732727,0.5174082517623901
1,0.07616204768419266,0.07616204768419266,0.480749249458313
