{
    "u_mean": 0.1188814640045166,
    "v_mean": 0.00010808479419210926,
    "p_mean": -0.2586635947227478,
    "x_mean": -4.505547879229965e-10,
    "y_mean": 6.007397357343791e-10,
    "t_mean": 263.13494873046875,
    "x_std": 0.3536297380924225,
    "y_std": 0.3536297380924225,
    "t_std": 1.800347089767456,
    "u_std": 0.13684341311454773,
    "v_std": 0.14291474223136902,
    "p_std": 0.4300605356693268,
    "ya0_mean": 0.375,
    "ya0_std": 1.0,
    "w0_mean": 1.0134085416793823,
    "w0_std": 1.0
}