,total,data,border
0,0.07213902473449707,0.07213902473449707,0.2303960919380188
1,0.008064422756433487,0.008064422756433487,0.18382328748703003
2,0.0059560565277934074,0.0059560565277934074,0.1813872754573822
3,0.004989604465663433,0.004989604465663433,0.18129664659500122
