,total,data,border
0,0.03345029428601265,0.03345029428601265,1.3375641107559204
1,0.0015479997964575887,0.0015479997964575887,1.3814679384231567
