,total,data,border
0,0.031474459916353226,0.031474459916353226,1.3414987325668335
1,0.0016890085535123944,0.0016890085535123944,1.3814961910247803
