,total,data,border
0,0.06883285194635391,0.06883285194635391,0.26845213770866394
1,0.006710396148264408,0.006710396148264408,0.22664600610733032
2,0.0049979411996901035,0.0049979411996901035,0.22613739967346191
3,0.004306825343519449,0.004306825343519449,0.22664208710193634
