{
    "u_mean": 0.8184025883674622,
    "v_mean": -0.00043390170321799815,
    "p_mean": -0.057004425674676895,
    "x_mean": -2.6842792067327537e-05,
    "y_mean": 5.857725415836512e-11,
    "t_mean": 263.1638488769531,
    "x_std": 1.1005816459655762,
    "y_std": 1.1005209684371948,
    "t_std": 1.795486330986023,
    "u_std": 0.39648911356925964,
    "v_std": 0.3254409432411194,
    "p_std": 0.26733487844467163,
    "ya0_mean": 0.27500003576278687,
    "ya0_std": 1.0,
    "w0_mean": 1.0134085416793823,
    "w0_std": 1.0
}