,total,data,border
0,0.1087508574128151,0.1087508574128151,0.25171566009521484
1,0.007460109423846006,0.007460109423846006,0.19174987077713013
