,total,data,border
0,0.07262254506349564,0.07262254506349564,0.2215724140405655
1,0.007211178075522184,0.007211178075522184,0.17599067091941833
