,total,data,border
0,0.07213902473449707,0.07213902473449707,0.2303960919380188
1,0.008064422756433487,0.008064422756433487,0.18382328748703003
