,total,data,border
0,0.07075086236000061,0.07075086236000061,0.4740567207336426
1,0.006655227858573198,0.006655227858573198,0.22854630649089813
