,total,data,border
0,0.1012348160147667,0.1012348160147667,0.25798267126083374
1,0.006713814567774534,0.006713814567774534,0.20230452716350555
