{
    "u_mean": 0.11891388148069382,
    "v_mean": 2.8588563509401865e-05,
    "p_mean": -0.2599409222602844,
    "x_mean": 0.0,
    "y_mean": 6.692451592904547e-10,
    "t_mean": 263.17596435546875,
    "x_std": 0.353646844625473,
    "y_std": 0.353646844625473,
    "t_std": 1.7933003902435303,
    "u_std": 0.13689175248146057,
    "v_std": 0.14294129610061646,
    "p_std": 0.43030673265457153,
    "ya0_mean": 0.375,
    "ya0_std": 1.0,
    "w0_mean": 1.0134085416793823,
    "w0_std": 1.0
}