{
    "u_mean": 0.8250958919525146,
    "v_mean": -0.0005715782172046602,
    "p_mean": -0.05636713653802872,
    "x_mean": -2.684268110897392e-05,
    "y_mean": 1.051623121917089e-09,
    "t_mean": 263.1349182128906,
    "x_std": 1.100581407546997,
    "y_std": 1.1005207300186157,
    "t_std": 1.8002774715423584,
    "u_std": 0.3942974805831909,
    "v_std": 0.3833311200141907,
    "p_std": 0.28278616070747375,
    "ya0_mean": 0.375,
    "ya0_std": 1.0,
    "w0_mean": 1.0134086608886719,
    "w0_std": 1.0
}