{
    "u_mean": 0.37288135290145874,
    "v_mean": -4.454598456504755e-05,
    "p_mean": -0.227261021733284,
    "x_mean": -4.20614966467614e-11,
    "y_mean": 3.9257397332903565e-10,
    "t_mean": 263.1638488769531,
    "x_std": 0.42269229888916016,
    "y_std": 0.42269229888916016,
    "t_std": 1.7954977750778198,
    "u_std": 0.3742557168006897,
    "v_std": 0.34532061219215393,
    "p_std": 0.39660584926605225,
    "ya0_mean": 0.375,
    "ya0_std": 1.0,
    "w0_mean": 1.0134086608886719,
    "w0_std": 1.0
}