,total,data,border
0,0.09307623654603958,0.09307623654603958,0.26677238941192627
1,0.006182865239679813,0.006182865239679813,0.19729740917682648
