,total,data,border
0,0.07387558370828629,0.07387558370828629,0.22299867868423462
1,0.007438336499035358,0.007438336499035358,0.17916527390480042
2,0.005394102539867163,0.005394102539867163,0.17792418599128723
3,0.004513181280344725,0.004513181280344725,0.17878840863704681
