,total,data,border
0,0.017156533896923065,0.051989439874887466,0.19926148653030396
1,0.0010985748376697302,0.0033290120773017406,0.15300795435905457
