,total,data,border
0,0.08547290414571762,0.08547290414571762,0.2490215003490448
1,0.005394401494413614,0.005394401494413614,0.1833759844303131
