,total,data,border
0,0.09546801447868347,0.09546801447868347,0.2626994550228119
1,0.006991823669523001,0.006991823669523001,0.20163559913635254
