,total,data,border
0,0.10545649379491806,0.10545649379491806,0.2763562798500061
1,0.00812819879502058,0.00812819879502058,0.18174704909324646
