,total,data,border
0,0.031474459916353226,0.031474459916353226,1.3414987325668335
1,0.0016890085535123944,0.0016890085535123944,1.3814961910247803
2,0.00134684843942523,0.00134684843942523,1.3817641735076904
3,0.0011977325193583965,0.0011977325193583965,1.3818553686141968
