,total,data,border
0,0.08702435344457626,0.08702435344457626,0.26376405358314514
1,0.00550749059766531,0.00550749059766531,0.19803108274936676
