,total,data,border
0,0.03538542985916138,0.03538542985916138,1.334702730178833
1,0.001861034776084125,0.001861034776084125,1.380395770072937
2,0.0015289600705727935,0.0015289600705727935,1.3810911178588867
3,0.001316047739237547,0.001316047739237547,1.3815401792526245
