,total,data,border
0,0.07473883032798767,0.18481849133968353,0.04166310280561447
1,0.017833782359957695,0.04640508070588112,0.007636711001396179
2,0.013141671195626259,0.03321085497736931,0.0066123949363827705
3,0.012122290208935738,0.030517155304551125,0.006217050366103649
4,0.011618047952651978,0.029278991743922234,0.00592721626162529
5,0.011316255666315556,0.02854229137301445,0.005749378353357315
6,0.011117076501250267,0.028057914227247238,0.005630226340144873
7,0.010943942703306675,0.027673974633216858,0.0054894681088626385
