,total,data,border
0,0.09524133801460266,0.09524133801460266,0.23833055794239044
1,0.006060367915779352,0.006060367915779352,0.17699867486953735
2,0.0042435284703969955,0.0042435284703969955,0.17472957074642181
3,0.003510153153911233,0.003510153153911233,0.17475049197673798
