{
    "u_mean": 0.8184168934822083,
    "v_mean": -0.0007707747281529009,
    "p_mean": -0.056010324507951736,
    "x_mean": -2.6840958526008762e-05,
    "y_mean": -3.478024535041868e-10,
    "t_mean": 263.18603515625,
    "x_std": 1.100582242012024,
    "y_std": 1.100521445274353,
    "t_std": 1.8123753070831299,
    "u_std": 0.39641740918159485,
    "v_std": 0.32479384541511536,
    "p_std": 0.267130583524704,
    "ya0_mean": 0.27500009536743164,
    "ya0_std": 1.0,
    "w0_mean": 1.0134084224700928,
    "w0_std": 1.0
}