{
    "u_mean": 0.8283997178077698,
    "v_mean": -0.0007366635836660862,
    "p_mean": -0.05686067417263985,
    "x_mean": -2.684268110897392e-05,
    "y_mean": 1.051623121917089e-09,
    "t_mean": 263.1349182128906,
    "x_std": 1.100581407546997,
    "y_std": 1.1005207300186157,
    "t_std": 1.8002774715423584,
    "u_std": 0.39416608214378357,
    "v_std": 0.41357776522636414,
    "p_std": 0.29140064120292664,
    "ya0_mean": 0.4250001311302185,
    "ya0_std": 1.0,
    "w0_mean": 1.0134086608886719,
    "w0_std": 1.0
}