,total,data,border
0,0.07304880023002625,0.1830703765153885,0.03828971087932587
1,0.01637740433216095,0.04200315847992897,0.007625266909599304
