,total,data,border
0,0.06883285194635391,0.06883285194635391,0.26845213770866394
1,0.006710396148264408,0.006710396148264408,0.22664600610733032
